<?xml version="1.0" encoding="UTF-8"?>
<project-private xmlns="http://www.netbeans.org/ns/project-private/1">
    <data xmlns="http://www.netbeans.org/ns/make-project-private/1">
        <activeConfTypeElem>1</activeConfTypeElem>
        <activeConfIndexElem>0</activeConfIndexElem>
    </data>
    <open-files xmlns="http://www.netbeans.org/ns/projectui-open-files/2">
        <group>
            <file>file:/home/m228student/Downloads/CSC5210_Langille2/Triangle.hpp</file>
            <file>file:/home/m228student/Downloads/CSC5210_Langille2/Line.h</file>
            <file>file:/home/m228student/Downloads/CSC5210_Langille2/Quad.h</file>
            <file>file:/home/m228student/Downloads/CSC5210_Langille2/Drawing.h</file>
            <file>file:/home/m228student/Downloads/CSC5210_Langille2/Line.cpp</file>
            <file>file:/home/m228student/Downloads/CSC5210_Langille2/Sketch.cpp</file>
            <file>file:/home/m228student/Downloads/CSC5210_Langille2/Sketch.h</file>
            <file>file:/home/m228student/Downloads/CSC5210_Langille2/Pen.cpp</file>
            <file>file:/home/m228student/Downloads/CSC5210_Langille2/Quad.cpp</file>
            <file>file:/home/m228student/Downloads/CSC5210_Langille2/Shader.hpp</file>
            <file>file:/home/m228student/Downloads/CSC5210_Langille2/Shader.cpp</file>
            <file>file:/home/m228student/Downloads/CSC5210_Langille2/main.cpp</file>
            <file>file:/home/m228student/Downloads/CSC5210_Langille2/Triangle.cpp</file>
            <file>file:/home/m228student/Downloads/CSC5210_Langille2/Pen.h</file>
            <file>file:/home/m228student/Downloads/CSC5210_Langille2/Drawing.cpp</file>
        </group>
    </open-files>
</project-private>
