<?xml version="1.0" encoding="UTF-8"?>
<configurationDescriptor version="100">
  <logicalFolder name="root" displayName="root" projectFiles="true" kind="ROOT">
    <logicalFolder name="HeaderFiles"
                   displayName="Header Files"
                   projectFiles="true">
      <itemPath>LangilleDrawing.h</itemPath>
      <itemPath>LangilleLine.h</itemPath>
      <itemPath>LangillePen.h</itemPath>
      <itemPath>LangilleQuad.h</itemPath>
      <itemPath>LangilleShader.hpp</itemPath>
      <itemPath>LangilleSketch.h</itemPath>
      <itemPath>LangilleTriangle.hpp</itemPath>
    </logicalFolder>
    <logicalFolder name="ResourceFiles"
                   displayName="Resource Files"
                   projectFiles="true">
    </logicalFolder>
    <logicalFolder name="SourceFiles"
                   displayName="Source Files"
                   projectFiles="true">
      <itemPath>LangilleDrawing.cpp</itemPath>
      <itemPath>LangilleLine.cpp</itemPath>
      <itemPath>LangillePen.cpp</itemPath>
      <itemPath>LangilleQuad.cpp</itemPath>
      <itemPath>LangilleShader.cpp</itemPath>
      <itemPath>LangilleSketch.cpp</itemPath>
      <itemPath>LangilleTriangle.cpp</itemPath>
      <itemPath>Langillemain.cpp</itemPath>
    </logicalFolder>
    <logicalFolder name="TestFiles"
                   displayName="Test Files"
                   projectFiles="false"
                   kind="TEST_LOGICAL_FOLDER">
    </logicalFolder>
    <logicalFolder name="ExternalFiles"
                   displayName="Important Files"
                   projectFiles="false"
                   kind="IMPORTANT_FILES_FOLDER">
      <itemPath>Makefile</itemPath>
    </logicalFolder>
  </logicalFolder>
  <projectmakefile>Makefile</projectmakefile>
  <confs>
    <conf name="Debug" type="1">
      <toolsSet>
        <compilerSet>default</compilerSet>
        <dependencyChecking>true</dependencyChecking>
        <rebuildPropChanged>false</rebuildPropChanged>
      </toolsSet>
      <compileType>
        <linkerTool>
          <commandLine>-lsfml-graphics -lsfml-window -lsfml-system -lGLEW -lGL</commandLine>
        </linkerTool>
      </compileType>
      <item path="LangilleDrawing.cpp" ex="false" tool="1" flavor2="0">
      </item>
      <item path="LangilleDrawing.h" ex="false" tool="3" flavor2="0">
      </item>
      <item path="LangilleLine.cpp" ex="false" tool="1" flavor2="0">
      </item>
      <item path="LangilleLine.h" ex="false" tool="3" flavor2="0">
      </item>
      <item path="LangillePen.cpp" ex="false" tool="1" flavor2="0">
      </item>
      <item path="LangillePen.h" ex="false" tool="3" flavor2="0">
      </item>
      <item path="LangilleQuad.cpp" ex="false" tool="1" flavor2="0">
      </item>
      <item path="LangilleQuad.h" ex="false" tool="3" flavor2="0">
      </item>
      <item path="LangilleShader.cpp" ex="false" tool="0" flavor2="0">
      </item>
      <item path="LangilleShader.hpp" ex="false" tool="3" flavor2="0">
      </item>
      <item path="LangilleSketch.cpp" ex="false" tool="1" flavor2="0">
      </item>
      <item path="LangilleSketch.h" ex="false" tool="3" flavor2="0">
      </item>
      <item path="LangilleTriangle.cpp" ex="false" tool="1" flavor2="0">
      </item>
      <item path="LangilleTriangle.hpp" ex="false" tool="3" flavor2="0">
      </item>
      <item path="Langillemain.cpp" ex="false" tool="1" flavor2="0">
      </item>
    </conf>
    <conf name="Release" type="1">
      <toolsSet>
        <compilerSet>default</compilerSet>
        <dependencyChecking>true</dependencyChecking>
        <rebuildPropChanged>false</rebuildPropChanged>
      </toolsSet>
      <compileType>
        <cTool>
          <developmentMode>5</developmentMode>
        </cTool>
        <ccTool>
          <developmentMode>5</developmentMode>
        </ccTool>
        <fortranCompilerTool>
          <developmentMode>5</developmentMode>
        </fortranCompilerTool>
        <asmTool>
          <developmentMode>5</developmentMode>
        </asmTool>
      </compileType>
      <item path="LangilleDrawing.cpp" ex="false" tool="1" flavor2="0">
      </item>
      <item path="LangilleDrawing.h" ex="false" tool="3" flavor2="0">
      </item>
      <item path="LangilleLine.cpp" ex="false" tool="1" flavor2="0">
      </item>
      <item path="LangilleLine.h" ex="false" tool="3" flavor2="0">
      </item>
      <item path="LangillePen.cpp" ex="false" tool="1" flavor2="0">
      </item>
      <item path="LangillePen.h" ex="false" tool="3" flavor2="0">
      </item>
      <item path="LangilleQuad.cpp" ex="false" tool="1" flavor2="0">
      </item>
      <item path="LangilleQuad.h" ex="false" tool="3" flavor2="0">
      </item>
      <item path="LangilleShader.cpp" ex="false" tool="0" flavor2="0">
      </item>
      <item path="LangilleShader.hpp" ex="false" tool="3" flavor2="0">
      </item>
      <item path="LangilleSketch.cpp" ex="false" tool="1" flavor2="0">
      </item>
      <item path="LangilleSketch.h" ex="false" tool="3" flavor2="0">
      </item>
      <item path="LangilleTriangle.cpp" ex="false" tool="1" flavor2="0">
      </item>
      <item path="LangilleTriangle.hpp" ex="false" tool="3" flavor2="0">
      </item>
      <item path="Langillemain.cpp" ex="false" tool="1" flavor2="0">
      </item>
    </conf>
  </confs>
</configurationDescriptor>
